product,total_ead,portfolio_ead_share,ead_weighted_lgd_final,portfolio_final_lgd_contribution
CRE Investment,16201828592.439701,0.3451115800743645,0.4040490497018537,0.13944200597015216
Land / Subdivision,10662282541.306862,0.22711493051758233,0.8119851808450687,0.18441395792893428
Residual Stock,6635644187.447279,0.14134439438581697,0.23000695595101675,0.032510193893421746
Bridging Loan,5577012654.453875,0.11879471741673814,0.7126022900128384,0.08465338767259561
Development Finance,4154640674.45,0.08849708535181808,0.350676285144761,0.03103382913731441
Commercial Cashflow,2290984728.06,0.048799760774902015,0.794469728976334,0.03876993271694634
Mezzanine / 2nd Mortgage,979759033.6526775,0.020869631243586213,0.8741656858068286,0.01824351550858516
Residential Mortgage,444486089.71,0.009467900235191598,0.17202257596045115,0.00162869258739422
