product,loan_count,total_ead,ead_weighted_lgd_base,ead_weighted_lgd_downturn,ead_weighted_lgd_final,mean_recovery_time_months,data_source,coverage_status,notes,downturn_sensitivity_pp,downturn_sensitivity_ratio,final_minus_base_pp
Residential Mortgage,500,444486089.71,0.07293773180247612,0.09082944779065527,0.17202257596045115,8.828,core_pipeline,available,explicit final LGD from core APRA overlay pipeline,1.7891715988179153,1.2453012390984683,9.908484415797503
Commercial Cashflow,300,2290984728.06,0.6140945487875643,0.823173065865116,0.794469728976334,24.593333333333334,core_pipeline,available,explicit final LGD from core APRA overlay pipeline,20.907851707755164,1.340466329639866,18.037518018876973
Development Finance,200,4154640674.45,0.20157324837716956,0.3353619979427149,0.350676285144761,15.54,core_pipeline,available,explicit final LGD from core APRA overlay pipeline,13.378874956554531,1.6637227441768925,14.910303676759145
CRE Investment,280,16201828592.439701,0.3259814409279993,0.37652504213217125,0.4040490497018537,17.799071253889466,cre_investment_loan_level_output.csv,available,explicit final LGD from lgd_final; recovery time from time_to_recovery_months_base,5.054360120417195,1.1550505484615479,7.806760877385438
Residual Stock,240,6635644187.447279,0.030216602703115856,0.21008486034377016,0.23000695595101675,11.266962055731282,residual_stock_loan_level_output.csv,available,explicit final LGD from lgd_final; recovery time from time_to_sale_base,17.986825764065433,6.952630062614775,19.97903532479009
Land / Subdivision,220,10662282541.306862,0.4163452198133301,0.7799082232460676,0.8119851808450687,30.657399070448545,land_subdivision_loan_level_output.csv,available,explicit final LGD from lgd_final; recovery time from time_to_sell_base,36.356300343273745,1.873224877172223,39.56399610317386
Bridging Loan,230,5577012654.453875,0.5499784653398792,0.6783728021000202,0.7126022900128384,11.769652410735912,bridging_loan_level_output.csv,available,explicit final LGD from lgd_final; recovery time from exit_time_base,12.8394336760141,1.2334533892718782,16.26238246729592
Mezzanine / 2nd Mortgage,260,979759033.6526775,0.36130500547593547,0.8647550606761963,0.8741656858068286,14.335883210184196,mezz_second_mortgage_loan_level_output.csv,available,explicit final LGD from lgd_final; recovery time from time_to_recovery_base,50.345005520026085,2.3934212025019757,51.286068033089315
